{"cameraMode":{"drawMode":0,"name":"Shaded","section":"Shading Mode"},"sceneLighting":false,"audioPlay":false,"sceneViewState":{"showFog":false,"showMaterialUpdate":false,"showSkybox":false,"showFlares":false,"showImageEffects":false,"showParticleSystems":false},"in2DMode":false,"pivot":{"x":0.890095055103302,"y":2.8697667121887209,"z":-3.1888158321380617},"rotation":{"x":0.054730236530303958,"y":-0.07183115184307099,"z":0.003946111537516117,"w":0.9959341883659363},"size":0.7438854575157166,"orthographic":false}