{"cameraMode":{"drawMode":0,"name":"Shaded","section":"Shading Mode"},"sceneLighting":false,"audioPlay":false,"sceneViewState":{"showFog":true,"showMaterialUpdate":true,"showSkybox":false,"showFlares":true,"showImageEffects":true,"showParticleSystems":true},"in2DMode":false,"pivot":{"x":0.024234890937805177,"y":0.0,"z":0.02371576428413391},"rotation":{"x":-0.36981937289237978,"y":-0.6191985607147217,"z":0.5580946207046509,"w":-0.410427451133728},"size":1.2204819917678834,"orthographic":true}