{"cameraMode":{"drawMode":0,"name":"Shaded","section":"Shading Mode"},"sceneLighting":false,"audioPlay":false,"sceneViewState":{"showFog":true,"showMaterialUpdate":true,"showSkybox":false,"showFlares":true,"showImageEffects":true,"showParticleSystems":true},"in2DMode":false,"pivot":{"x":0.02422267198562622,"y":-1.3474855422973633,"z":0.02628234028816223},"rotation":{"x":-0.0024480049032717945,"y":-0.5752539038658142,"z":-0.0017350431298837066,"w":0.818000853061676},"size":3.7375328540802,"orthographic":true}