{"cameraMode":{"drawMode":0,"name":"Shaded","section":"Shading Mode"},"sceneLighting":true,"audioPlay":false,"sceneViewState":{"showFog":true,"showMaterialUpdate":true,"showSkybox":true,"showFlares":true,"showImageEffects":true,"showParticleSystems":true},"in2DMode":false,"pivot":{"x":-6.65284538269043,"y":7.365966796875,"z":5.868619918823242},"rotation":{"x":0.07737205922603607,"y":0.921539843082428,"z":-0.2446562498807907,"w":0.2914358079433441},"size":18.484779357910158,"orthographic":false}