{"cameraMode":{"drawMode":0,"name":"Shaded","section":"Shading Mode"},"sceneLighting":false,"audioPlay":false,"sceneViewState":{"showFog":false,"showMaterialUpdate":false,"showSkybox":false,"showFlares":false,"showImageEffects":false,"showParticleSystems":false},"in2DMode":false,"pivot":{"x":-5.3090667724609379,"y":4.043087005615234,"z":0.7148996591567993},"rotation":{"x":0.041135016828775409,"y":-0.4425969421863556,"z":0.02032739296555519,"w":0.8955763578414917},"size":1.2247449159622193,"orthographic":false}