{"cameraMode":{"drawMode":0,"name":"Shaded","section":"Shading Mode"},"sceneLighting":false,"audioPlay":false,"sceneViewState":{"showFog":true,"showMaterialUpdate":true,"showSkybox":false,"showFlares":true,"showImageEffects":true,"showParticleSystems":true},"in2DMode":false,"pivot":{"x":0.482330322265625,"y":0.0019073486328125,"z":-0.4041748046875},"rotation":{"x":-0.1064119040966034,"y":0.33834412693977358,"z":-0.03853411599993706,"w":-0.9343698620796204},"size":0.43602660298347475,"orthographic":true}